Date,MMM,AXP,AMGN.O,AAPL.O,BA,CAT,CVX,CSCO.O,KO,DIS,DOW,GS,HD,HON.O,IBM,INTC.O,JNJ,JPM,MCD,MRK,MSFT.O,NKE,PG,CRM,TRV,UNH,V,VZ,WBA.O,WMT
2023/7/31,-0.34%,2.09%,-0.94%,0.32%,0.07%,1.82%,3.02%,-0.10%,-0.88%,3.20%,1.82%,0.75%,0.75%,-0.54%,0.51%,-2.88%,-3.98%,0.67%,-0.28%,0.29%,-0.72%,1.63%,-0.07%,-0.26%,-0.38%,0.69%,0.15%,0.84%,0.57%,-0.03%
2023/7/28,0.62%,1.12%,0.14%,1.35%,2.11%,0.82%,-0.49%,-1.72%,0.06%,0.90%,0.95%,-0.36%,0.50%,-0.62%,0.34%,6.60%,0.45%,0.57%,-0.39%,1.02%,2.31%,0.88%,2.83%,0.20%,-0.92%,-0.46%,1.43%,0.56%,-2.71%,0.47%
2023/7/27,-1.29%,-2.47%,0.36%,-0.66%,0.41%,-0.01%,-1.04%,-0.41%,-0.97%,-0.58%,2.31%,-0.85%,0.04%,-5.69%,1.35%,0.55%,0.56%,-1.10%,1.18%,-1.75%,-2.09%,-1.49%,-1.19%,-0.19%,0.41%,-0.55%,-2.30%,-1.12%,-0.71%,-0.36%
2023/7/26,2.56%,0.75%,-0.04%,0.45%,8.72%,-1.43%,-0.75%,-0.71%,1.29%,0.27%,0.41%,0.81%,1.37%,-0.68%,0.53%,0.76%,0.19%,0.60%,-0.21%,-0.36%,-3.76%,0.92%,0.10%,-0.20%,1.19%,-0.57%,0.29%,-0.67%,0.52%,0.36%
2023/7/25,5.33%,-0.77%,-0.05%,0.45%,-0.81%,1.04%,0.46%,0.92%,-0.34%,-1.12%,1.77%,-1.18%,0.01%,0.17%,0.57%,1.40%,0.77%,-0.75%,-1.00%,-1.16%,1.70%,-0.43%,0.23%,0.16%,-1.56%,0.44%,0.77%,-0.85%,0.16%,-0.08%
2023/7/24,-0.06%,-1.43%,0.26%,0.42%,1.92%,0.67%,1.97%,0.91%,0.03%,-0.67%,-0.94%,1.98%,1.45%,0.35%,0.43%,-1.15%,0.52%,1.97%,-0.10%,-1.45%,0.39%,-0.27%,0.32%,-1.05%,1.17%,0.42%,0.30%,0.62%,0.59%,0.59%
2023/7/21,0.04%,-3.89%,0.68%,-0.62%,-0.85%,-1.32%,1.46%,0.50%,0.08%,1.13%,0.00%,0.31%,0.43%,0.31%,0.40%,1.95%,1.07%,-0.77%,-0.51%,1.78%,-0.89%,1.42%,1.57%,-0.04%,-0.47%,0.45%,0.71%,-0.15%,0.73%,0.57%
2023/7/20,0.78%,-0.01%,0.51%,-1.01%,2.40%,-0.63%,1.11%,-0.11%,1.22%,-0.95%,0.44%,3.03%,-0.12%,1.36%,2.14%,-3.16%,6.07%,1.23%,1.02%,2.37%,-2.31%,-2.14%,0.18%,-2.65%,1.80%,0.11%,-0.97%,-0.75%,1.04%,1.85%
2023/7/19,0.46%,-0.52%,-0.22%,0.71%,-1.40%,-0.40%,0.61%,2.32%,1.77%,1.27%,-0.30%,0.97%,0.86%,-0.04%,0.09%,-0.12%,-0.20%,0.38%,0.11%,0.00%,-1.23%,0.15%,0.68%,2.96%,-0.27%,0.74%,5.27%,0.27%,1.18%,0.03%
2023/7/18,1.29%,1.51%,2.08%,-0.13%,-0.14%,2.47%,0.20%,0.85%,-0.39%,0.46%,1.05%,3.08%,0.22%,-1.40%,0.83%,0.38%,-0.01%,0.18%,-0.29%,0.36%,3.98%,0.93%,0.19%,-0.16%,1.44%,3.29%,2.57%,-1.32%,1.58%,-0.18%
2023/7/17,-0.59%,1.15%,0.18%,1.73%,-0.59%,0.72%,-0.09%,0.85%,-0.15%,-3.45%,-0.93%,0.31%,-0.14%,0.98%,0.63%,3.68%,-0.50%,2.41%,-0.09%,-1.65%,0.14%,0.70%,-0.71%,-0.58%,1.59%,0.81%,-7.50%,0.34%,-0.27%,0.12%
2023/7/14,-0.54%,-0.49%,-0.10%,0.08%,-1.72%,-0.09%,-2.50%,-2.23%,0.91%,-2.04%,-2.38%,-0.76%,0.60%,-1.23%,-0.39%,-2.13%,0.67%,0.60%,-0.09%,0.96%,0.75%,0.10%,0.74%,-0.45%,-1.35%,7.24%,-1.82%,-0.06%,-1.82%,0.34%
2023/7/13,1.27%,-0.05%,0.88%,0.41%,-0.12%,0.89%,-1.33%,1.56%,0.85%,0.35%,0.18%,0.70%,-0.92%,0.09%,0.81%,-0.32%,0.46%,0.49%,-0.13%,-1.07%,1.62%,0.07%,0.07%,1.36%,-1.69%,-0.87%,-0.63%,0.45%,-1.91%,-0.59%
2023/7/12,-0.34%,-0.18%,0.81%,0.90%,-0.75%,0.30%,0.96%,-2.65%,0.54%,0.74%,1.29%,1.72%,1.23%,-0.10%,-1.19%,2.04%,-0.35%,0.50%,0.30%,-1.13%,1.42%,0.34%,0.52%,2.76%,-0.72%,-2.42%,-0.37%,0.69%,-0.82%,0.25%
2023/7/11,4.87%,1.71%,-0.39%,-0.28%,2.55%,1.62%,1.85%,1.40%,0.35%,1.58%,0.28%,1.39%,1.09%,0.48%,1.16%,1.71%,-0.55%,1.56%,0.08%,-1.15%,0.19%,1.52%,-0.52%,3.93%,1.95%,-0.03%,-0.43%,1.00%,2.62%,-0.15%
2023/7/10,-0.10%,1.12%,2.78%,-1.09%,0.57%,1.48%,0.67%,0.80%,-0.75%,-0.61%,0.32%,0.41%,2.47%,2.20%,0.62%,2.79%,0.16%,0.56%,0.82%,0.88%,-1.60%,1.26%,0.04%,1.54%,-1.50%,0.32%,-2.12%,0.72%,2.37%,0.91%
2023/7/7,1.02%,-0.67%,-1.94%,-0.59%,-0.24%,1.91%,0.88%,-0.23%,-1.32%,-0.11%,0.63%,0.69%,0.26%,-0.37%,-0.06%,-0.38%,-1.45%,0.79%,-0.96%,-2.46%,-1.19%,-0.61%,-2.10%,-0.26%,0.43%,-1.66%,-3.31%,-1.02%,-0.03%,-2.30%
2023/7/6,-2.35%,-2.64%,-1.28%,0.25%,-0.32%,-1.74%,-2.19%,-0.78%,-0.77%,-1.17%,-0.13%,-2.20%,-2.82%,-1.17%,-1.55%,-1.66%,-0.74%,-0.99%,-0.67%,-1.72%,0.92%,-1.87%,-0.16%,-1.72%,-0.97%,-0.39%,-0.93%,-0.24%,-0.51%,-0.63%
2023/7/5,-2.48%,0.07%,0.39%,-0.59%,1.13%,-1.01%,-0.57%,-0.60%,0.74%,-0.78%,-1.75%,-2.01%,0.25%,-0.90%,0.43%,-3.30%,-0.33%,-1.34%,0.70%,-0.55%,0.05%,-1.84%,-0.17%,1.03%,-0.29%,-1.39%,0.54%,0.62%,0.83%,-0.06%
2023/7/3,1.05%,0.71%,1.35%,-0.78%,-0.11%,0.52%,-0.09%,0.15%,0.60%,1.37%,0.98%,1.26%,-0.20%,0.39%,-0.10%,0.54%,-1.31%,0.80%,-1.20%,-0.92%,-0.75%,-1.14%,0.50%,0.18%,-0.33%,-0.57%,0.24%,0.21%,1.86%,0.65%
2023/6/30,0.86%,1.23%,0.39%,2.31%,-0.32%,0.74%,0.71%,1.03%,0.33%,0.37%,0.04%,-0.17%,0.92%,0.50%,-0.19%,1.61%,0.87%,1.40%,1.34%,1.63%,1.64%,-2.65%,1.58%,0.39%,1.56%,0.88%,0.54%,1.35%,0.42%,1.88%
2023/6/29,0.68%,1.35%,-0.07%,0.18%,0.53%,0.98%,0.85%,0.67%,-0.83%,0.14%,0.53%,3.01%,0.43%,1.96%,1.75%,-1.97%,0.70%,3.49%,0.94%,0.98%,-0.24%,0.30%,-0.41%,-0.82%,1.56%,0.42%,0.46%,2.79%,-2.44%,-0.68%
2023/6/28,0.32%,0.95%,-0.58%,0.63%,0.62%,0.49%,0.91%,0.02%,-0.93%,-0.26%,0.74%,0.07%,-2.30%,-0.41%,-0.44%,-1.55%,-0.20%,-0.44%,0.15%,-0.78%,0.38%,-0.51%,-0.02%,1.60%,-2.45%,-1.68%,0.74%,0.27%,1.54%,0.54%
2023/6/27,-2.14%,0.65%,-0.94%,1.51%,1.87%,1.58%,-0.31%,1.29%,-0.21%,0.41%,1.19%,0.35%,1.90%,0.38%,0.76%,2.28%,-0.21%,0.01%,0.76%,0.21%,1.82%,1.67%,0.95%,0.70%,0.12%,0.73%,1.22%,0.46%,-9.34%,-0.36%
2023/6/26,-0.31%,-0.57%,-1.05%,-0.76%,0.08%,1.07%,1.76%,-0.24%,0.03%,0.68%,1.15%,-0.75%,2.35%,1.24%,1.48%,1.03%,-1.12%,0.24%,-0.28%,-1.33%,-1.92%,2.03%,0.10%,-1.30%,-0.77%,0.43%,1.69%,-1.42%,0.61%,-0.26%
2023/6/23,0.29%,-0.11%,-1.11%,-0.17%,-0.10%,-1.22%,-0.85%,-1.55%,-1.05%,-0.44%,-0.06%,-1.52%,-0.12%,-0.28%,-1.33%,0.89%,-0.08%,-0.52%,-1.16%,0.77%,-1.38%,-0.85%,-0.99%,-1.50%,-0.74%,-0.43%,-0.95%,0.51%,-1.54%,-0.19%
2023/6/22,-1.02%,0.20%,1.15%,1.65%,-3.05%,-1.71%,-1.45%,0.53%,0.68%,-0.17%,-0.94%,-1.69%,0.16%,-0.57%,-1.88%,-0.58%,1.06%,-1.93%,-0.41%,2.30%,1.84%,0.44%,0.34%,1.77%,-0.16%,0.48%,0.06%,0.50%,1.05%,0.84%
2023/6/21,-0.81%,-0.88%,-0.68%,-0.57%,-0.14%,0.14%,0.78%,-1.36%,0.28%,-1.24%,-0.08%,-1.71%,-0.24%,0.70%,-1.67%,-6.00%,-0.15%,-0.15%,0.51%,0.84%,-1.33%,0.40%,0.86%,-3.40%,-0.15%,1.57%,0.06%,0.34%,-2.56%,0.19%
2023/6/20,-2.14%,-1.63%,-0.47%,0.05%,-3.46%,-1.68%,-2.28%,-1.00%,-0.66%,-1.72%,-2.33%,-2.24%,0.34%,-1.27%,-1.11%,-3.77%,-0.06%,-0.51%,-0.22%,0.83%,-1.25%,-3.57%,-0.92%,2.46%,-0.67%,2.38%,-1.78%,-1.07%,-0.86%,-0.88%
2023/6/16,0.70%,-0.92%,0.53%,-0.59%,0.26%,-0.97%,-0.64%,0.27%,0.72%,-1.74%,-0.60%,-0.42%,-0.54%,-0.37%,-0.66%,1.54%,0.31%,0.12%,0.37%,-0.07%,-1.66%,1.05%,0.73%,-0.08%,0.44%,-1.59%,0.05%,1.21%,2.03%,-1.39%
2023/6/15,1.82%,-0.38%,2.77%,1.12%,1.16%,1.79%,0.76%,1.90%,0.61%,0.53%,1.27%,0.39%,0.77%,1.60%,0.87%,0.67%,1.34%,1.13%,1.45%,0.68%,3.19%,-0.40%,1.39%,1.20%,1.39%,1.31%,1.99%,1.22%,1.62%,0.55%
2023/6/14,-0.77%,-0.38%,0.13%,0.35%,-1.58%,-0.86%,-0.90%,0.31%,0.68%,-1.49%,-0.62%,-1.19%,-0.12%,-0.29%,-0.29%,4.92%,0.51%,-0.37%,-0.04%,-1.21%,0.91%,5.69%,0.94%,0.20%,-1.46%,-6.40%,0.70%,0.02%,-1.38%,1.01%
2023/6/13,1.46%,0.86%,2.13%,-0.26%,-0.53%,3.17%,0.75%,0.63%,0.40%,0.76%,2.59%,0.89%,-0.26%,1.31%,0.86%,2.54%,0.53%,0.72%,-0.01%,0.12%,0.74%,-0.05%,-0.24%,-2.20%,0.77%,-0.26%,-0.37%,-1.22%,0.98%,0.78%
2023/6/12,1.36%,1.12%,-0.64%,1.56%,1.96%,1.22%,-0.96%,1.65%,-0.43%,1.32%,0.12%,1.03%,1.18%,0.31%,0.83%,5.52%,-0.07%,-0.01%,0.62%,-0.77%,1.55%,0.92%,-0.78%,-0.75%,-0.47%,-0.21%,0.39%,1.17%,0.70%,0.66%
2023/6/9,-0.85%,0.34%,-0.91%,0.22%,-0.37%,0.25%,-0.24%,-0.04%,0.17%,-0.65%,-1.97%,0.16%,-1.24%,-0.13%,0.66%,-1.51%,-0.16%,0.20%,0.35%,0.35%,0.47%,-0.32%,0.08%,2.76%,0.39%,0.69%,0.11%,0.23%,-1.35%,0.60%
2023/6/8,-0.24%,-0.24%,-0.22%,1.55%,2.92%,-0.47%,-0.37%,-0.20%,0.25%,0.01%,-2.02%,-0.08%,-0.20%,-0.12%,0.02%,1.73%,1.10%,0.03%,1.38%,1.57%,0.58%,-0.83%,1.13%,1.85%,-0.49%,1.68%,0.48%,-0.99%,-0.25%,1.45%
2023/6/7,2.76%,-0.16%,0.01%,-0.78%,2.24%,3.91%,2.59%,-0.06%,-0.15%,0.39%,2.43%,2.74%,1.93%,1.04%,1.27%,1.03%,0.21%,0.97%,-0.93%,-1.27%,-3.09%,0.85%,0.21%,-3.35%,0.47%,-1.12%,1.61%,-1.29%,1.27%,0.15%
2023/6/6,0.32%,2.62%,-0.30%,-0.21%,-0.71%,1.89%,0.18%,-0.80%,-0.72%,1.27%,2.12%,1.55%,0.99%,-0.43%,0.04%,3.68%,-0.09%,0.18%,-1.35%,-2.74%,-0.67%,0.94%,-0.99%,1.42%,0.33%,-2.13%,0.70%,0.64%,0.90%,-0.01%
2023/6/5,-4.44%,-0.67%,1.75%,-0.76%,-2.13%,-1.84%,-0.48%,0.38%,-0.67%,0.25%,-0.21%,-0.57%,-0.96%,-0.84%,0.17%,-4.63%,0.86%,-0.98%,-0.51%,0.52%,0.16%,-2.39%,-0.40%,-1.49%,-0.43%,-0.28%,-0.35%,-0.88%,0.19%,0.66%
2023/6/2,8.75%,3.59%,1.77%,0.48%,2.58%,8.40%,2.69%,0.56%,1.93%,2.46%,5.33%,2.29%,2.62%,2.57%,2.00%,0.58%,1.57%,2.10%,0.71%,1.43%,0.85%,4.00%,1.78%,0.06%,2.24%,1.21%,-3.19%,1.01%,2.87%,0.96%
2023/6/1,1.04%,2.62%,-2.89%,1.60%,1.10%,1.61%,1.02%,0.14%,0.57%,0.72%,0.45%,-2.32%,1.74%,1.18%,0.96%,-0.99%,-0.34%,1.38%,0.97%,0.47%,1.28%,-1.55%,1.02%,-4.69%,1.22%,1.31%,0.25%,2.47%,-0.16%,0.37%
2023/5/31,-2.86%,0.35%,0.97%,-0.03%,0.49%,-1.98%,-1.63%,-1.00%,-0.20%,0.16%,-1.45%,-2.09%,-3.06%,-1.52%,-0.69%,4.83%,0.45%,-1.27%,0.07%,1.14%,-0.85%,-1.18%,-0.47%,2.06%,-2.34%,1.54%,2.09%,-0.28%,1.47%,0.55%
2023/5/30,-0.91%,0.49%,0.74%,1.07%,0.52%,-0.90%,-0.62%,0.62%,-0.80%,-0.53%,-1.67%,-0.36%,-0.15%,0.41%,0.46%,3.41%,0.01%,0.38%,-0.39%,-1.71%,-0.50%,-0.92%,-1.53%,1.59%,0.58%,-0.35%,-0.29%,-1.50%,-0.27%,-0.25%
2023/5/26,-0.11%,4.08%,-0.24%,1.41%,1.37%,0.87%,-0.31%,1.69%,-0.25%,0.17%,-0.06%,2.51%,2.12%,0.77%,1.68%,5.84%,-0.04%,0.94%,0.18%,-1.10%,2.14%,0.03%,0.01%,2.63%,-0.79%,0.80%,0.52%,0.73%,0.13%,0.18%
2023/5/25,0.06%,0.24%,-1.74%,0.67%,0.80%,0.13%,-1.72%,1.28%,-0.77%,-1.04%,-1.85%,1.27%,-1.49%,0.21%,0.86%,-5.52%,-1.44%,0.24%,-0.14%,-1.14%,3.85%,-0.75%,-0.64%,0.41%,-1.32%,-0.65%,-2.93%,0.51%,-2.66%,-1.00%
2023/5/24,-3.68%,-1.21%,-1.39%,0.16%,-1.64%,-1.42%,0.27%,-1.02%,-0.85%,-0.84%,-1.23%,-1.16%,-1.30%,-1.60%,-1.95%,-1.73%,-0.10%,-0.92%,-0.16%,0.29%,-0.45%,-0.45%,-0.83%,1.17%,-1.85%,0.29%,-1.02%,-1.04%,-2.56%,-0.46%
2023/5/23,-0.99%,-1.90%,0.20%,-1.52%,-1.61%,-0.72%,2.89%,0.18%,-0.18%,-2.18%,0.37%,-0.42%,1.47%,-1.00%,0.53%,-2.54%,-0.04%,-1.04%,-1.03%,-1.07%,-1.84%,-1.27%,-1.08%,-1.72%,-0.99%,-0.25%,0.78%,-2.90%,1.31%,-0.19%
2023/5/22,2.71%,1.67%,0.26%,-0.55%,0.20%,-0.24%,-1.80%,-0.63%,-2.10%,0.51%,-0.35%,-0.38%,-0.08%,-0.21%,0.19%,1.17%,-1.28%,-0.83%,-2.10%,-0.87%,0.89%,-3.99%,-2.62%,-0.05%,-1.43%,0.38%,-0.25%,-0.87%,-0.29%,-0.88%
2023/5/19,-0.61%,-0.35%,-0.36%,0.06%,-0.84%,0.03%,0.79%,1.93%,0.05%,-2.57%,0.15%,-1.04%,-1.45%,-0.45%,0.88%,0.84%,0.27%,-0.23%,0.51%,1.31%,-0.06%,-3.46%,0.42%,-1.39%,0.21%,-0.09%,-0.22%,-0.12%,-0.57%,-1.03%
2023/5/18,-0.54%,0.91%,-0.35%,1.37%,0.18%,1.24%,-1.09%,1.20%,-0.55%,1.07%,0.76%,-0.18%,0.95%,1.14%,0.35%,2.81%,-0.32%,0.76%,0.20%,-0.66%,1.44%,1.62%,-1.64%,1.88%,0.91%,-1.15%,-0.14%,0.41%,-1.81%,1.30%
2023/5/17,2.21%,2.48%,-1.26%,0.36%,2.99%,2.36%,1.43%,1.51%,-0.11%,1.97%,0.82%,2.92%,3.56%,2.30%,1.82%,-1.20%,-0.22%,3.07%,-0.23%,-1.14%,0.72%,0.43%,-0.42%,2.36%,0.09%,1.06%,0.36%,0.95%,2.20%,-0.17%
2023/5/16,-2.47%,-1.06%,-2.42%,0.00%,-0.94%,-1.94%,-2.35%,-0.38%,-1.13%,-2.02%,-2.30%,-0.39%,-2.15%,-1.39%,0.08%,-1.95%,-0.13%,-0.67%,-0.59%,-0.25%,0.74%,-2.80%,-0.17%,0.60%,-0.71%,-1.47%,-1.96%,-1.01%,-0.48%,-1.38%
2023/5/15,0.22%,1.40%,0.25%,-0.29%,1.03%,0.84%,0.37%,0.83%,-0.27%,0.95%,-0.10%,0.80%,-0.66%,0.36%,0.42%,2.94%,-0.77%,0.84%,-0.08%,-0.66%,0.16%,-0.32%,0.03%,0.75%,0.40%,-0.89%,-2.18%,0.62%,1.38%,-0.78%
2023/5/12,-0.51%,-0.04%,0.28%,-0.68%,-0.56%,-0.23%,0.26%,0.73%,0.39%,-0.35%,-0.06%,-0.38%,0.97%,-0.19%,1.60%,0.31%,-0.13%,-1.43%,0.46%,-0.35%,-0.37%,-1.64%,1.02%,-0.82%,-0.39%,0.51%,-0.03%,0.16%,-0.32%,-0.03%
2023/5/11,-0.12%,-0.46%,-0.78%,0.11%,0.50%,-1.47%,-0.55%,-0.73%,0.57%,-8.73%,-2.08%,-0.57%,-0.46%,-1.70%,-0.92%,-3.70%,-0.41%,-0.32%,-0.60%,-0.30%,-0.70%,-1.04%,0.23%,-0.67%,-0.19%,-0.27%,-0.08%,-0.11%,-1.33%,0.37%
2023/5/10,0.10%,-3.06%,-0.14%,1.04%,-0.52%,-0.15%,-1.28%,0.52%,0.17%,-1.02%,-0.41%,-0.68%,-0.53%,0.11%,0.70%,-0.43%,0.37%,0.05%,-0.03%,0.40%,1.73%,-1.27%,0.21%,1.82%,-0.32%,-0.06%,0.16%,-0.85%,0.48%,-0.28%
2023/5/9,-1.50%,0.22%,-0.08%,-1.00%,2.34%,-0.61%,-0.29%,0.28%,-0.83%,-0.77%,-0.89%,-0.53%,0.92%,0.09%,-1.81%,-2.18%,-0.78%,-0.48%,-0.01%,-0.80%,-0.53%,-1.40%,-1.02%,1.66%,0.65%,-0.45%,-0.69%,0.44%,-0.69%,0.17%
2023/5/8,-0.98%,0.26%,-0.81%,-0.04%,-0.54%,-0.14%,-0.39%,0.19%,-0.16%,2.44%,-0.48%,-0.16%,-0.58%,-0.74%,-0.20%,-0.71%,-0.23%,0.24%,0.03%,0.59%,-0.64%,0.23%,-0.47%,0.16%,0.15%,-0.34%,0.00%,0.19%,-1.59%,0.63%
2023/5/5,1.48%,2.58%,2.00%,4.69%,0.65%,2.24%,2.55%,1.20%,0.47%,3.15%,1.97%,1.79%,1.35%,1.12%,0.88%,-0.80%,0.34%,1.95%,0.49%,0.26%,1.72%,2.36%,0.33%,2.71%,1.76%,1.44%,1.29%,2.74%,1.97%,0.86%
2023/5/4,-0.96%,-2.23%,1.13%,-0.99%,-1.93%,-2.44%,-0.39%,-0.57%,0.11%,-3.38%,0.68%,-2.25%,-2.50%,-0.88%,-0.71%,1.92%,-0.45%,-1.37%,-0.02%,-0.72%,0.33%,-2.42%,-0.46%,-0.12%,-0.01%,-0.44%,-1.66%,-0.17%,-1.28%,-0.10%
2023/5/3,-0.15%,-0.68%,-2.82%,-0.65%,-1.14%,0.23%,-2.01%,-0.86%,-0.56%,0.26%,-1.45%,-1.42%,-0.41%,-0.15%,-1.37%,2.96%,-1.31%,-2.12%,-0.96%,0.28%,-0.33%,-0.41%,-0.13%,-0.63%,-0.76%,-0.80%,0.82%,-0.44%,-4.60%,-0.37%
2023/5/2,-2.71%,-3.81%,-1.23%,-0.62%,-0.30%,-0.98%,-4.31%,-2.07%,-0.45%,-1.58%,-0.61%,-2.11%,-1.15%,-1.11%,-0.74%,-1.75%,0.87%,-1.61%,0.16%,1.33%,-0.05%,-0.52%,-0.09%,-2.00%,-0.68%,-0.47%,-2.69%,-2.38%,-3.21%,-0.27%
2023/5/1,-0.35%,-1.25%,-0.35%,-0.05%,-1.41%,-0.70%,-0.79%,0.19%,0.23%,-0.28%,-0.53%,-0.84%,-0.94%,0.32%,-0.25%,-2.45%,-0.06%,2.14%,0.62%,0.75%,-0.55%,0.95%,0.12%,-0.29%,0.34%,0.73%,-0.31%,-0.09%,-1.82%,0.41%
2023/4/28,0.84%,1.82%,-0.25%,0.75%,0.36%,2.09%,0.98%,1.48%,0.74%,2.57%,1.68%,0.54%,2.25%,0.62%,-0.44%,4.02%,0.43%,0.87%,0.35%,0.27%,0.80%,0.81%,-0.06%,1.24%,0.49%,0.33%,0.10%,1.62%,0.43%,-0.27%
2023/4/27,2.34%,1.75%,0.64%,2.84%,1.48%,-0.86%,0.58%,0.04%,0.20%,3.44%,1.75%,1.50%,2.03%,4.04%,0.89%,2.79%,0.23%,1.35%,1.71%,1.53%,3.20%,1.50%,1.22%,2.31%,2.06%,1.56%,5.07%,0.38%,0.83%,0.31%
2023/4/26,-1.39%,-0.26%,-2.48%,-0.01%,0.42%,-1.12%,-1.78%,-1.17%,-0.47%,-1.43%,0.15%,-0.86%,-2.79%,-2.58%,-0.03%,0.59%,-1.55%,-1.77%,-0.60%,-2.66%,7.24%,-0.66%,-1.16%,0.45%,-0.40%,-1.82%,-1.02%,-0.63%,-0.23%,-0.44%
2023/4/25,-0.66%,-2.78%,0.17%,-0.94%,-1.74%,-2.15%,-1.45%,-0.63%,-0.16%,-1.68%,-5.22%,-1.30%,-1.76%,-0.42%,0.39%,-2.63%,0.92%,-2.17%,-0.58%,0.51%,-2.25%,-1.91%,0.03%,-2.18%,-1.01%,0.61%,0.54%,-1.36%,-1.72%,-0.78%
2023/4/24,0.56%,-1.95%,0.24%,0.19%,0.30%,1.43%,1.40%,0.77%,-0.16%,0.11%,0.95%,0.67%,0.53%,0.36%,-0.26%,-2.11%,0.61%,0.14%,0.39%,0.49%,-1.40%,1.24%,0.18%,-2.07%,-0.21%,1.06%,-0.59%,-0.55%,0.65%,0.68%
2023/4/21,-0.24%,0.31%,0.16%,-0.98%,-1.00%,-0.90%,-0.43%,0.97%,0.14%,1.53%,-1.49%,0.87%,0.49%,-0.34%,-0.50%,-1.81%,-0.54%,-0.19%,0.36%,1.05%,-0.12%,0.87%,3.46%,0.77%,0.13%,-0.75%,0.35%,-0.23%,-0.28%,0.50%
2023/4/20,-1.27%,-1.01%,-1.12%,-0.58%,-0.71%,-1.06%,-0.49%,-3.04%,0.44%,-0.69%,-1.31%,0.54%,0.56%,-0.54%,0.03%,-0.93%,0.65%,-0.29%,-0.09%,0.04%,-0.81%,-0.97%,-0.26%,-0.71%,-1.81%,0.26%,-3.65%,0.87%,1.55%,0.64%
2023/4/19,-0.18%,0.33%,0.05%,0.70%,0.16%,-0.24%,0.09%,-4.51%,0.19%,-2.16%,-0.60%,0.89%,-0.68%,0.45%,-1.14%,-2.14%,0.94%,-0.13%,0.12%,-0.61%,0.03%,-0.43%,0.02%,0.21%,6.15%,-3.62%,-0.87%,-0.44%,-2.11%,0.11%
2023/4/18,-0.48%,0.42%,-0.80%,0.75%,1.63%,-0.02%,-0.23%,0.06%,0.16%,0.63%,-0.21%,-1.70%,1.20%,-0.47%,-0.03%,-0.96%,-2.81%,1.12%,0.55%,-0.16%,-0.15%,0.02%,0.11%,0.72%,0.42%,-0.17%,-1.32%,0.05%,-1.00%,0.22%
2023/4/17,0.95%,0.30%,-0.77%,0.01%,1.65%,0.70%,-0.88%,-0.51%,0.65%,0.40%,0.71%,0.82%,1.10%,0.67%,-0.25%,0.78%,-0.10%,0.79%,0.11%,-0.26%,0.93%,0.19%,0.03%,1.25%,1.73%,-1.26%,0.61%,-0.23%,1.76%,0.70%
2023/4/14,-0.36%,0.57%,-0.57%,-0.21%,-5.56%,0.91%,0.20%,-0.51%,-0.16%,-0.93%,-0.74%,1.44%,0.01%,0.33%,0.19%,-0.75%,-0.16%,7.55%,-0.03%,-0.23%,-1.28%,-0.38%,-0.51%,0.32%,-2.79%,-2.74%,-0.25%,0.57%,-1.29%,-0.68%
2023/4/13,1.71%,1.89%,0.78%,3.41%,0.59%,0.53%,1.34%,1.38%,0.73%,2.96%,0.05%,0.57%,0.59%,1.38%,-0.50%,0.34%,1.34%,0.38%,1.32%,1.61%,2.24%,2.24%,0.46%,1.94%,-0.37%,0.97%,0.31%,2.14%,0.25%,0.10%
2023/4/12,-0.18%,-1.57%,-0.77%,-0.44%,0.01%,-0.05%,0.35%,-1.01%,0.18%,-2.47%,1.25%,0.88%,-1.13%,0.54%,-1.44%,-1.02%,-0.21%,-0.02%,0.29%,1.12%,0.23%,0.29%,0.27%,0.76%,0.17%,0.04%,-0.63%,-0.28%,-1.71%,-0.49%
2023/4/11,1.75%,0.43%,0.21%,-0.76%,0.73%,2.35%,0.55%,-1.38%,-0.18%,-0.39%,0.68%,0.74%,0.89%,0.27%,-0.47%,-0.52%,-0.03%,0.49%,0.25%,-0.11%,-2.27%,1.14%,-0.20%,-1.36%,0.52%,1.12%,0.25%,0.89%,0.58%,-0.29%
2023/4/10,1.18%,1.45%,-0.96%,-1.60%,-0.28%,3.04%,0.38%,0.12%,-0.24%,0.84%,2.10%,0.79%,0.89%,0.64%,0.41%,-0.88%,-0.50%,0.33%,0.31%,0.25%,-0.76%,1.41%,-0.83%,-0.55%,0.81%,0.46%,-0.33%,0.19%,0.89%,-0.19%
2023/4/6,-0.71%,-1.40%,-0.02%,0.55%,0.65%,-2.04%,-1.31%,-1.06%,0.06%,0.06%,0.04%,0.27%,-0.02%,0.54%,-1.24%,-0.06%,-0.28%,-0.11%,0.31%,0.38%,2.55%,-0.56%,0.63%,-1.41%,0.56%,0.70%,-1.57%,-0.96%,-0.94%,0.75%
2023/4/5,0.04%,-0.91%,2.36%,-1.13%,-1.82%,-1.80%,0.50%,0.00%,0.95%,0.34%,0.70%,-0.35%,-2.13%,-0.79%,0.41%,-0.82%,4.49%,-0.63%,-0.09%,2.83%,-0.99%,-2.26%,0.69%,-0.96%,1.00%,3.24%,1.16%,0.22%,0.75%,1.66%
2023/4/4,-2.22%,-0.74%,1.26%,-0.32%,-0.69%,-5.40%,-0.54%,-0.94%,-0.30%,-0.19%,-1.93%,-1.19%,-0.93%,-1.21%,-0.35%,0.64%,1.05%,-1.34%,0.05%,-0.04%,-0.02%,1.66%,0.48%,0.36%,-2.12%,-0.19%,1.10%,-0.59%,1.10%,-0.98%
2023/4/3,-0.51%,-0.71%,1.11%,0.77%,1.39%,0.45%,4.16%,0.07%,0.60%,-0.37%,0.93%,-0.18%,0.88%,1.13%,0.74%,0.67%,1.19%,-0.12%,0.90%,2.33%,-0.37%,-0.79%,0.55%,-1.65%,0.51%,4.57%,0.85%,1.57%,2.54%,0.84%
2023/3/31,2.27%,1.56%,0.10%,1.56%,0.66%,1.92%,0.47%,1.64%,0.29%,2.07%,1.52%,1.86%,3.42%,1.06%,1.45%,1.81%,1.02%,1.21%,0.66%,0.44%,1.50%,2.11%,0.84%,1.62%,0.35%,0.54%,0.59%,1.39%,-0.14%,1.22%
2023/3/30,-0.40%,-0.72%,0.19%,0.99%,1.48%,0.69%,0.95%,0.51%,-0.02%,1.27%,0.75%,0.13%,0.71%,0.03%,-0.38%,1.81%,0.08%,-0.30%,0.13%,0.95%,1.26%,-0.32%,0.44%,-0.02%,0.57%,0.74%,0.47%,-0.42%,1.41%,1.00%
2023/3/29,1.43%,2.75%,1.07%,1.98%,1.47%,1.29%,0.86%,1.55%,0.72%,2.16%,1.30%,0.72%,0.90%,0.61%,0.29%,7.61%,0.98%,0.20%,0.58%,-0.58%,1.92%,2.22%,0.31%,2.26%,2.40%,-1.27%,1.26%,1.35%,0.98%,0.43%
2023/3/28,0.25%,-2.40%,0.73%,-0.40%,2.19%,0.99%,1.17%,-0.30%,0.11%,-0.84%,1.75%,-0.03%,-0.16%,-0.04%,0.02%,0.38%,-0.97%,0.30%,0.73%,-1.31%,-0.42%,0.05%,0.28%,0.54%,-0.28%,-1.93%,-0.13%,-0.67%,2.67%,-0.39%
2023/3/27,0.35%,2.09%,-0.53%,-1.23%,1.54%,0.46%,1.02%,0.06%,0.74%,1.64%,0.42%,1.91%,-0.62%,-0.09%,3.21%,-0.61%,0.43%,2.87%,0.93%,2.03%,-1.49%,-2.40%,-0.52%,0.63%,0.87%,1.24%,1.04%,0.35%,0.73%,1.67%
2023/3/24,0.14%,-1.83%,2.11%,0.83%,-0.19%,-1.11%,1.00%,1.57%,1.64%,-1.83%,0.25%,-0.72%,-0.31%,0.66%,1.56%,1.14%,1.01%,-1.52%,0.63%,0.55%,1.05%,-0.21%,2.04%,1.40%,0.64%,1.29%,0.78%,-0.70%,1.14%,0.82%
2023/3/23,-0.53%,0.01%,1.42%,0.70%,0.89%,-0.23%,-0.99%,0.55%,-0.22%,0.98%,0.53%,0.38%,0.46%,-0.13%,-0.55%,3.20%,0.05%,-0.27%,0.65%,-0.16%,1.97%,1.23%,-0.14%,0.50%,-1.66%,-1.18%,0.16%,1.16%,-0.52%,0.81%
2023/3/22,-2.64%,-1.10%,-1.34%,-0.91%,-4.17%,-2.21%,-2.03%,-2.39%,-0.45%,-1.70%,-1.31%,-1.14%,-2.36%,-2.09%,-1.99%,-1.16%,-1.85%,-2.58%,-0.87%,-1.08%,-0.54%,-4.86%,-0.06%,-1.15%,-2.98%,-0.95%,-1.14%,-0.86%,-3.10%,-0.64%
2023/3/21,-0.02%,3.67%,-0.75%,1.19%,-0.03%,2.09%,3.06%,-0.53%,-0.46%,2.46%,1.56%,2.50%,0.06%,0.67%,0.50%,-2.40%,0.00%,2.68%,-0.20%,-0.29%,0.57%,3.64%,-0.72%,1.85%,1.80%,0.66%,0.83%,1.74%,1.05%,-0.34%
2023/3/20,1.25%,1.42%,2.15%,1.55%,1.85%,2.47%,1.47%,1.49%,0.97%,1.09%,2.48%,1.97%,0.30%,2.84%,1.82%,-2.18%,0.99%,1.06%,1.32%,1.68%,-2.58%,0.67%,1.54%,0.22%,2.23%,1.59%,1.74%,0.35%,0.85%,1.08%
2023/3/17,-1.14%,-2.62%,-2.04%,-0.55%,-1.05%,-1.69%,-1.26%,0.14%,-0.46%,-1.16%,-1.75%,-3.67%,0.58%,-2.38%,-0.81%,-1.23%,-1.07%,-3.78%,-1.25%,-3.02%,1.17%,-0.22%,0.03%,-1.31%,-4.17%,-0.53%,0.57%,-0.03%,-1.50%,0.81%
2023/3/16,1.39%,0.58%,-0.14%,1.87%,2.51%,0.67%,0.32%,2.16%,-0.22%,1.28%,0.85%,0.93%,-0.43%,0.54%,1.15%,6.23%,-0.21%,1.94%,1.59%,-0.27%,4.05%,2.10%,0.75%,2.40%,3.44%,1.42%,-1.30%,0.50%,-0.39%,-0.97%
2023/3/15,0.00%,-2.50%,1.87%,0.26%,-4.38%,-3.73%,-4.33%,0.02%,0.67%,-0.28%,-3.46%,-3.09%,0.84%,-2.51%,-1.10%,1.43%,0.28%,-4.72%,0.17%,0.62%,1.78%,-0.70%,1.42%,0.01%,-3.07%,0.18%,0.49%,-1.05%,0.75%,1.12%
2023/3/14,-0.70%,3.98%,-1.12%,1.41%,1.92%,0.43%,1.29%,1.32%,0.37%,0.82%,-0.21%,2.10%,-0.33%,-0.07%,-0.74%,3.93%,0.56%,2.57%,1.07%,1.17%,2.71%,1.83%,1.24%,4.20%,-0.27%,0.19%,0.93%,1.95%,-0.83%,0.53%
2023/3/13,-0.54%,-4.87%,2.33%,1.33%,0.15%,-1.02%,-0.60%,-0.31%,1.01%,-1.04%,-2.75%,-3.71%,0.07%,-0.12%,0.10%,-0.99%,0.96%,-1.80%,0.40%,-1.82%,2.14%,-0.54%,0.69%,1.35%,-1.97%,0.73%,-0.38%,-0.77%,0.93%,0.29%
2023/3/10,-1.38%,-3.73%,0.92%,-1.39%,0.91%,-5.79%,-0.52%,-0.51%,-0.42%,-2.67%,-2.21%,-4.22%,-0.59%,0.23%,-0.56%,2.95%,0.24%,2.54%,0.15%,0.08%,-1.48%,-0.32%,0.45%,-3.10%,1.01%,-0.99%,0.36%,-1.76%,-0.09%,-0.15%
2023/3/9,-1.53%,-1.55%,-1.16%,-1.49%,-2.88%,-3.12%,-1.52%,-0.61%,-0.97%,-3.18%,-2.06%,-2.06%,-1.20%,-1.38%,-1.48%,1.77%,-1.12%,-5.41%,-1.39%,-0.63%,-0.54%,-1.66%,-0.73%,-2.31%,-2.17%,-1.21%,-2.61%,-0.98%,-3.45%,-0.67%
2023/3/8,0.07%,-0.28%,-0.13%,0.84%,-0.35%,1.05%,-0.63%,0.41%,0.05%,0.24%,0.82%,0.93%,0.27%,-0.03%,-0.16%,1.76%,-0.73%,-0.59%,-0.67%,-2.69%,-0.18%,0.23%,0.01%,-0.20%,-1.44%,-0.69%,-1.00%,-0.44%,1.00%,-0.83%
2023/3/7,-2.58%,-2.09%,-2.72%,-1.45%,-1.89%,-3.09%,-1.29%,-1.03%,-0.58%,-1.59%,-2.29%,-3.07%,-2.52%,-0.72%,-1.49%,-1.77%,-0.94%,-2.94%,-1.30%,0.15%,-1.06%,-0.48%,-1.99%,-0.26%,-1.63%,-1.44%,-0.63%,-1.58%,-3.70%,-1.00%
2023/3/6,-1.20%,-0.02%,0.13%,1.85%,-1.48%,-0.52%,0.73%,0.28%,1.55%,-0.47%,-2.07%,-0.01%,-0.08%,0.11%,0.42%,-1.55%,1.00%,-0.58%,0.58%,3.95%,0.62%,-0.64%,-0.43%,-1.41%,-0.13%,0.46%,-0.29%,1.33%,-1.77%,-0.01%
2023/3/3,1.24%,2.14%,0.03%,3.51%,2.40%,1.24%,1.48%,1.55%,-0.47%,2.24%,-0.21%,2.29%,1.85%,1.22%,0.55%,0.76%,1.03%,1.84%,0.56%,-0.12%,1.66%,1.14%,0.73%,-0.09%,0.22%,0.18%,-0.39%,2.15%,2.01%,0.12%
2023/3/2,-0.28%,-0.32%,-0.61%,0.41%,2.69%,1.41%,0.31%,0.39%,1.46%,0.39%,0.72%,0.83%,0.77%,0.81%,0.58%,3.43%,-0.08%,-1.04%,1.85%,0.34%,1.97%,0.84%,1.65%,11.50%,-0.47%,0.52%,0.29%,0.32%,0.51%,0.25%
2023/3/1,2.29%,1.10%,1.96%,-1.42%,1.49%,3.81%,0.80%,-0.17%,-1.09%,-1.07%,1.43%,-1.54%,-1.94%,0.73%,-0.86%,1.60%,-0.45%,-0.56%,-0.45%,0.39%,-1.26%,-0.18%,0.07%,2.29%,-0.58%,-0.15%,-1.31%,-0.72%,-0.93%,-1.39%
2023/2/28,-0.49%,0.40%,-1.19%,-0.34%,0.54%,-0.18%,-1.26%,-0.64%,-0.52%,-0.84%,0.37%,-3.80%,0.18%,-0.50%,-0.91%,0.12%,-1.52%,0.84%,-0.33%,-2.85%,-0.30%,0.22%,-1.14%,0.29%,-0.11%,-1.53%,-0.18%,-0.19%,0.40%,0.49%
2023/2/27,0.44%,-0.55%,0.34%,0.82%,1.17%,1.61%,0.25%,0.52%,-0.03%,0.15%,-1.38%,0.46%,-0.22%,0.21%,-0.06%,-0.95%,-0.22%,0.87%,0.42%,-0.48%,0.38%,0.42%,-0.09%,0.58%,0.00%,-0.21%,0.36%,0.36%,-1.15%,-0.72%
2023/2/24,-1.02%,-0.51%,-1.67%,-1.80%,-4.80%,-0.75%,0.30%,-1.48%,-0.42%,-1.41%,1.05%,0.09%,-0.89%,-1.53%,-0.17%,-1.84%,-1.12%,0.90%,-1.16%,-0.63%,-2.18%,-1.60%,-0.56%,-1.17%,-0.08%,-1.50%,0.55%,-0.71%,-1.13%,0.27%
2023/2/23,-0.03%,0.25%,0.62%,0.33%,1.15%,0.03%,0.99%,-0.20%,0.18%,0.05%,0.32%,0.73%,1.02%,-0.24%,-0.14%,0.55%,-0.03%,0.80%,-0.69%,1.31%,1.30%,0.05%,-0.32%,0.47%,-0.35%,0.57%,-1.91%,0.50%,0.36%,-1.49%
2023/2/22,-0.28%,0.70%,-0.87%,0.29%,0.12%,-1.17%,-0.40%,-0.76%,0.30%,-0.40%,0.30%,-0.06%,0.27%,-0.65%,-0.56%,-2.26%,-0.14%,-0.77%,0.03%,0.08%,-0.46%,-0.99%,0.42%,1.08%,0.47%,-0.49%,0.20%,-0.27%,-0.22%,-2.10%
2023/2/21,-3.31%,-2.15%,-0.95%,-2.67%,-2.90%,-2.86%,-1.14%,-2.13%,-0.53%,-2.97%,-2.22%,-2.00%,-7.06%,-2.31%,-2.45%,-5.61%,-1.49%,-1.83%,-0.53%,-0.41%,-2.09%,-3.00%,-0.07%,-2.15%,-0.27%,-1.56%,-2.54%,-1.32%,-1.63%,0.61%
2023/2/17,0.88%,-0.36%,2.69%,-0.75%,-0.26%,0.52%,-2.23%,-0.43%,1.52%,-0.58%,-0.94%,-0.46%,-1.02%,1.03%,0.01%,-2.09%,1.36%,0.30%,1.56%,2.83%,-1.56%,0.37%,2.09%,-1.75%,1.47%,2.41%,0.95%,-1.01%,1.21%,1.50%
2023/2/16,-2.43%,-1.51%,-2.43%,-1.04%,-2.41%,-0.88%,-1.44%,5.24%,-0.62%,-3.12%,-1.81%,-1.11%,0.17%,-1.17%,-1.03%,-2.25%,-0.71%,-1.38%,-0.27%,-1.09%,-2.66%,-2.43%,-1.31%,-1.75%,-1.17%,-0.79%,-1.34%,-1.35%,-0.55%,-1.57%
2023/2/15,0.51%,-0.19%,-0.40%,1.39%,-0.46%,1.78%,-1.92%,1.57%,0.00%,1.47%,0.00%,0.69%,0.71%,0.35%,0.29%,0.73%,-1.65%,0.42%,-0.02%,-0.97%,-1.05%,1.01%,-0.23%,0.67%,0.59%,-0.32%,0.12%,-0.20%,-0.63%,0.74%
2023/2/14,-0.93%,-0.17%,-1.08%,-0.42%,1.30%,-1.53%,0.77%,-0.33%,-1.67%,0.00%,-0.93%,-0.60%,-1.58%,-1.17%,-0.98%,0.32%,-0.44%,0.44%,0.15%,-0.74%,0.31%,0.84%,-0.56%,-0.65%,-1.85%,-0.51%,0.02%,0.22%,-0.97%,-0.29%
2023/2/13,1.23%,1.16%,0.48%,1.88%,1.30%,0.19%,-0.56%,1.27%,1.64%,-0.37%,0.84%,0.74%,2.21%,1.45%,1.29%,2.70%,0.37%,1.08%,1.44%,0.90%,3.12%,2.39%,1.31%,2.42%,0.46%,0.22%,0.77%,0.74%,1.53%,1.52%
2023/2/10,0.84%,-0.07%,1.04%,0.09%,0.42%,0.56%,2.10%,1.13%,0.00%,-2.08%,1.25%,0.89%,0.31%,0.63%,1.38%,0.25%,0.46%,0.44%,0.68%,1.73%,-0.20%,0.04%,0.88%,-3.82%,0.75%,1.75%,0.50%,-0.94%,2.07%,1.55%
2023/2/9,-2.01%,0.21%,-0.08%,-0.69%,-0.71%,-1.04%,-0.92%,-0.49%,-0.17%,-1.27%,-1.22%,-1.90%,-1.63%,-1.48%,-1.64%,-1.81%,-1.35%,-1.56%,-0.82%,0.08%,-1.17%,-0.59%,-1.10%,2.38%,-1.08%,0.52%,-1.75%,-0.37%,-2.05%,0.93%
2023/2/8,-1.41%,0.17%,-1.56%,-1.77%,-0.59%,-0.32%,-2.35%,-1.84%,-0.58%,0.13%,-1.16%,0.19%,-1.36%,-1.58%,0.10%,-2.79%,0.13%,-0.70%,-1.69%,0.91%,-0.31%,-1.93%,-1.04%,-0.96%,-0.86%,1.33%,-0.07%,-0.48%,-0.49%,-0.54%
2023/2/7,0.34%,1.26%,0.06%,1.92%,3.84%,-0.70%,2.62%,0.57%,-0.17%,1.60%,0.70%,0.97%,-1.24%,0.70%,-0.25%,1.25%,0.02%,1.22%,-0.22%,1.59%,4.20%,-0.32%,-0.98%,1.32%,1.62%,0.35%,-1.77%,0.82%,1.27%,0.21%
2023/2/6,-0.84%,-1.33%,-0.54%,-1.79%,0.39%,1.48%,0.11%,-2.18%,0.57%,-0.76%,0.15%,0.23%,-0.67%,0.67%,-0.55%,-5.38%,-0.76%,0.59%,1.40%,1.06%,-0.61%,-1.47%,-0.85%,-1.16%,1.77%,0.68%,-0.55%,-0.30%,-2.18%,-0.73%
2023/2/3,-2.33%,3.31%,-0.55%,2.44%,-1.59%,1.17%,0.26%,-1.40%,-0.75%,-2.21%,0.08%,0.13%,-2.44%,-2.26%,0.40%,0.43%,-0.56%,1.55%,0.39%,-0.50%,-2.36%,-1.12%,0.31%,-2.06%,0.56%,0.25%,-0.77%,0.25%,-1.64%,-1.33%
2023/2/2,3.82%,-0.28%,0.05%,3.71%,-2.52%,-1.86%,-1.37%,1.54%,-1.71%,3.49%,-0.45%,1.03%,3.57%,0.32%,0.96%,3.85%,0.38%,-0.47%,-1.15%,-3.29%,4.69%,-0.34%,-0.71%,1.64%,-1.88%,-5.27%,0.34%,-0.58%,1.43%,-0.73%
2023/2/1,0.68%,-0.75%,-2.37%,0.79%,0.82%,-1.09%,-1.53%,-0.21%,0.02%,0.83%,1.47%,-0.03%,1.21%,-0.84%,0.27%,2.87%,0.92%,-0.26%,-0.42%,-0.40%,1.99%,1.70%,0.57%,2.29%,-3.08%,-0.44%,0.29%,0.30%,0.87%,0.56%
2023/1/31,2.22%,1.31%,0.32%,0.90%,1.59%,-3.52%,-0.10%,0.93%,1.12%,0.84%,2.42%,2.34%,3.16%,1.31%,-0.42%,1.11%,0.88%,0.60%,-1.29%,1.24%,2.10%,0.76%,0.97%,1.95%,1.71%,2.76%,1.27%,0.48%,0.90%,1.21%
2023/1/30,-2.32%,0.20%,-0.81%,-2.01%,-0.71%,-1.15%,-2.93%,-0.60%,0.25%,-1.78%,-1.73%,1.06%,-0.77%,-1.13%,0.68%,-0.75%,-3.70%,-0.85%,-0.58%,0.67%,-2.20%,-0.91%,0.31%,0.14%,-0.45%,-0.05%,1.01%,-1.01%,-1.72%,-0.80%
2023/1/27,1.50%,10.54%,-0.48%,1.37%,-0.73%,0.92%,-4.44%,0.35%,-0.53%,-0.15%,1.46%,-0.36%,0.92%,-0.58%,-0.04%,-6.41%,-0.39%,0.24%,-0.82%,-1.39%,0.06%,0.00%,-0.41%,-0.35%,-1.74%,-1.31%,0.92%,2.99%,1.84%,0.77%
2023/1/26,0.55%,-0.57%,-0.65%,1.48%,0.02%,1.42%,4.86%,0.75%,-0.20%,1.46%,0.40%,1.53%,-1.09%,1.30%,-4.48%,1.31%,-0.37%,0.62%,0.63%,-1.58%,3.07%,0.56%,-0.40%,5.71%,0.72%,0.00%,-0.15%,-0.08%,0.61%,-0.09%
2023/1/25,-1.80%,0.93%,-1.22%,-0.47%,0.33%,0.32%,-0.97%,0.36%,0.63%,2.00%,-0.53%,0.37%,-0.14%,-0.13%,-0.52%,-0.74%,0.71%,0.48%,1.28%,0.06%,-0.59%,-0.01%,-0.07%,0.85%,-1.30%,0.18%,-0.22%,0.45%,1.06%,-0.48%
2023/1/24,-6.21%,0.86%,-0.49%,1.01%,0.96%,1.94%,0.09%,0.65%,0.53%,0.29%,0.28%,-0.23%,0.70%,1.21%,-0.26%,-1.16%,0.00%,0.86%,0.10%,-1.24%,-0.22%,-1.14%,0.55%,-0.65%,3.70%,1.19%,1.99%,-0.13%,-2.10%,0.27%
2023/1/23,1.63%,1.58%,-0.86%,2.35%,1.55%,1.20%,-0.13%,1.54%,0.25%,2.14%,1.04%,2.14%,0.15%,1.20%,0.47%,3.59%,-0.25%,1.62%,0.26%,-0.05%,0.98%,1.32%,-1.34%,3.05%,0.56%,-0.19%,-0.92%,-0.06%,2.20%,1.49%
2023/1/20,1.87%,3.23%,0.46%,1.92%,-0.16%,1.61%,1.06%,0.69%,0.60%,4.44%,1.48%,-2.54%,1.33%,0.68%,0.41%,2.81%,-0.47%,0.24%,1.90%,0.04%,3.57%,1.68%,0.39%,3.31%,0.70%,0.49%,-0.15%,1.77%,1.33%,1.23%
2023/1/19,-3.52%,-2.37%,-0.89%,0.04%,-1.11%,-2.80%,1.00%,-0.94%,-0.15%,0.04%,-0.42%,0.48%,-3.96%,-1.75%,0.15%,-1.35%,-0.14%,-1.33%,-0.92%,1.02%,-1.65%,-1.50%,-2.73%,0.66%,0.22%,1.71%,0.23%,0.43%,-0.56%,-1.43%
2023/1/18,-3.04%,-2.17%,-1.87%,-0.54%,-0.95%,-1.34%,-1.81%,-2.45%,-3.03%,-0.87%,-0.98%,-0.24%,-1.17%,-3.77%,-3.29%,-2.67%,-1.51%,-3.00%,-2.94%,-1.50%,-1.89%,-1.33%,-2.68%,-2.03%,-0.74%,-1.82%,-2.15%,-1.59%,-1.98%,-2.47%
2023/1/17,-2.25%,-1.29%,-0.85%,0.88%,-1.27%,-0.85%,1.65%,-1.64%,0.41%,0.51%,-2.18%,-6.44%,-1.11%,-2.02%,-0.48%,-1.69%,-0.62%,-1.55%,1.94%,-1.60%,0.47%,-0.55%,-0.29%,-0.70%,-4.60%,-0.92%,-2.41%,-0.03%,-1.22%,-0.61%
2023/1/13,0.12%,0.54%,0.30%,1.01%,-0.09%,1.33%,0.27%,-0.24%,0.36%,-0.41%,0.27%,1.10%,0.41%,0.29%,0.23%,-0.59%,-0.33%,2.52%,0.82%,0.43%,0.30%,0.75%,0.71%,-0.06%,1.01%,-1.23%,0.12%,-0.25%,0.33%,0.33%
2023/1/12,0.18%,0.65%,-0.73%,-0.06%,3.02%,1.73%,1.07%,-0.43%,-1.29%,3.61%,1.63%,1.50%,0.26%,1.73%,0.20%,1.47%,-0.50%,-0.10%,-0.79%,0.63%,1.16%,-0.04%,-0.56%,3.24%,0.19%,0.46%,1.53%,0.68%,-1.24%,-0.90%
2023/1/11,0.77%,1.26%,-0.35%,2.11%,0.65%,0.09%,-0.48%,0.82%,-0.19%,0.81%,1.97%,1.99%,2.61%,0.45%,0.32%,1.39%,-0.16%,0.74%,-0.04%,0.23%,3.02%,1.67%,-0.81%,-1.72%,0.21%,1.52%,-1.84%,0.46%,1.14%,0.88%
2023/1/10,1.06%,1.06%,1.39%,0.45%,-0.90%,1.58%,0.49%,0.47%,-0.77%,0.83%,2.15%,1.24%,0.89%,0.32%,0.87%,0.44%,-0.24%,0.90%,0.62%,0.39%,0.76%,0.79%,-0.10%,0.23%,1.11%,-0.83%,1.40%,1.14%,0.96%,-0.06%
2023/1/9,0.06%,0.15%,-1.85%,0.41%,-2.08%,-0.90%,-0.78%,0.54%,-1.25%,0.91%,0.47%,1.41%,0.09%,0.19%,-0.10%,2.02%,-2.59%,-0.41%,-0.82%,-3.88%,0.97%,0.26%,-1.22%,4.69%,-2.45%,0.01%,-1.94%,0.39%,-0.71%,-1.25%
2023/1/6,3.06%,2.55%,3.13%,3.68%,3.91%,3.57%,0.75%,3.07%,1.93%,2.18%,3.99%,1.26%,0.65%,2.84%,1.84%,4.25%,0.81%,1.91%,2.79%,1.06%,1.18%,3.24%,2.38%,3.06%,3.37%,0.01%,1.18%,3.15%,4.04%,2.45%
2023/1/5,-1.75%,-2.73%,0.93%,-1.06%,0.66%,-0.45%,1.80%,-1.41%,-1.14%,-0.07%,1.11%,-1.13%,-1.33%,-2.65%,-1.04%,-0.43%,-0.74%,-0.76%,-0.84%,1.39%,-2.96%,-0.49%,-1.24%,-2.33%,0.17%,-2.88%,1.39%,-0.71%,-6.13%,-0.34%
2023/1/4,2.19%,2.32%,1.05%,1.03%,4.22%,1.04%,-1.06%,-0.81%,-0.05%,3.38%,2.53%,0.43%,1.21%,-1.99%,0.74%,3.55%,1.09%,0.93%,0.02%,0.85%,-4.37%,2.07%,0.44%,3.57%,0.06%,-2.73%,2.52%,2.52%,0.81%,0.11%
2023/1/3,2.13%,-0.43%,-0.38%,-3.74%,2.57%,-0.28%,-3.06%,0.63%,-1.04%,2.41%,1.29%,0.83%,0.02%,0.00%,0.47%,1.14%,0.87%,0.76%,0.30%,0.17%,-0.10%,1.49%,0.01%,1.65%,-0.20%,-2.18%,1.83%,-0.18%,-0.46%,1.28%
2022/12/30,-0.54%,0.29%,-0.20%,0.25%,0.84%,-0.27%,0.66%,0.29%,-0.53%,-0.34%,-0.51%,-0.01%,-1.42%,-0.21%,-0.12%,0.84%,-0.51%,0.66%,-0.90%,0.12%,-0.49%,-0.29%,-0.68%,0.04%,-1.03%,0.06%,0.36%,-0.14%,-0.29%,-0.25%
2022/12/29,1.93%,2.30%,0.67%,2.83%,0.28%,0.34%,0.76%,0.91%,0.60%,3.58%,1.32%,0.75%,1.48%,1.21%,0.74%,2.62%,0.51%,0.57%,0.31%,-0.23%,2.76%,2.06%,0.41%,3.17%,0.70%,0.27%,1.16%,1.50%,-0.29%,0.61%
2022/12/28,-1.61%,-1.63%,-0.75%,-3.07%,-0.54%,-1.55%,-1.48%,-0.97%,-1.00%,-2.55%,-2.34%,-0.32%,-1.20%,-1.26%,-1.69%,-1.54%,-0.43%,0.55%,-0.65%,-0.93%,-1.03%,-2.19%,-1.29%,-1.68%,-1.23%,-0.67%,-1.12%,-0.63%,-1.91%,-1.75%
2022/12/27,0.07%,-0.43%,-0.20%,-1.39%,0.18%,1.36%,1.26%,0.11%,0.61%,-1.86%,0.65%,-1.02%,0.26%,0.48%,0.54%,-0.57%,-0.03%,0.35%,-0.27%,0.23%,-0.74%,1.13%,0.87%,0.94%,0.53%,0.13%,2.19%,0.22%,-0.83%,0.03%
2022/12/23,-1.19%,1.18%,-0.51%,-0.28%,0.43%,0.98%,3.09%,0.34%,0.76%,1.55%,1.38%,-0.02%,0.83%,0.73%,0.55%,0.46%,0.25%,0.47%,0.68%,0.56%,0.23%,-0.39%,0.28%,0.19%,1.22%,0.80%,0.26%,0.38%,0.49%,0.20%
2022/12/22,-1.51%,-1.22%,-0.38%,-2.38%,-3.95%,-1.73%,-1.50%,-0.71%,-0.72%,-0.29%,-0.99%,-1.31%,-1.01%,-1.30%,-0.89%,-3.21%,-0.37%,-1.13%,-0.89%,0.12%,-2.55%,0.80%,0.23%,-0.85%,-1.17%,-0.09%,1.40%,-0.85%,-0.41%,-1.17%
2022/12/21,2.19%,0.96%,0.57%,2.38%,4.09%,2.80%,1.18%,0.61%,1.61%,-0.11%,2.03%,1.65%,1.44%,1.71%,0.61%,1.48%,1.14%,1.12%,0.34%,1.28%,1.09%,12.18%,0.92%,1.44%,1.95%,1.41%,2.14%,0.71%,-2.35%,0.78%
2022/12/20,-1.08%,0.48%,-0.36%,-0.05%,1.41%,1.23%,1.64%,-0.06%,-0.08%,1.45%,0.67%,-0.03%,-0.78%,0.99%,1.74%,-1.31%,0.11%,0.48%,0.53%,0.25%,0.56%,0.16%,0.04%,-0.43%,1.24%,-0.65%,-0.11%,0.26%,0.53%,0.88%
2022/12/19,0.36%,-0.88%,-0.64%,-1.59%,0.53%,-0.18%,0.69%,-0.86%,0.14%,-4.77%,-0.94%,-0.50%,-1.86%,-0.16%,-0.92%,-0.48%,-0.11%,0.60%,-0.11%,0.22%,-1.73%,-2.74%,-0.03%,0.58%,0.39%,-0.02%,-0.24%,-1.00%,0.69%,0.04%
2022/12/16,-0.56%,-2.61%,0.48%,-1.46%,0.53%,0.89%,-1.36%,-0.71%,-0.57%,-0.45%,0.55%,-0.99%,-1.30%,0.37%,-1.55%,-0.85%,-1.03%,-0.62%,-2.06%,-0.39%,-1.73%,-2.36%,-0.44%,-1.66%,-0.42%,-0.75%,-1.72%,-0.49%,-1.21%,-1.80%
2022/12/15,-2.94%,-2.52%,-1.84%,-4.69%,-2.41%,-1.63%,-0.75%,-2.33%,-1.38%,-3.89%,-3.56%,-2.93%,-1.75%,-2.68%,-5.00%,-3.93%,-1.26%,-2.48%,-1.02%,-1.72%,-3.19%,-2.64%,-1.13%,-3.20%,-1.64%,-1.98%,0.85%,-2.54%,-2.71%,-0.89%
2022/12/14,-0.94%,-2.16%,-0.42%,-1.55%,0.60%,-0.43%,-0.69%,-0.68%,0.00%,-0.58%,-0.39%,-2.25%,0.16%,-0.11%,-0.47%,-1.64%,0.31%,-0.50%,0.09%,0.58%,0.12%,-1.24%,0.39%,-0.64%,-0.22%,0.03%,-1.08%,0.13%,-0.97%,-0.56%
2022/12/13,0.35%,0.13%,-1.63%,0.68%,0.46%,1.04%,2.23%,0.69%,0.03%,0.04%,0.88%,1.52%,1.50%,0.21%,0.91%,0.14%,0.77%,-0.10%,-0.85%,1.78%,1.75%,0.70%,-0.15%,1.89%,-0.03%,-1.40%,-0.24%,-0.72%,-0.07%,-0.36%
2022/12/12,0.87%,2.22%,-0.67%,1.64%,3.75%,2.54%,1.04%,1.73%,1.31%,1.37%,1.81%,1.12%,2.34%,1.36%,1.47%,1.59%,1.19%,1.55%,1.68%,0.17%,2.89%,2.42%,1.03%,1.53%,0.79%,1.24%,1.47%,2.82%,1.56%,1.86%
2022/12/9,-0.19%,-0.14%,-2.42%,-0.34%,0.26%,-1.57%,-3.19%,-1.08%,-1.05%,0.90%,-0.71%,0.30%,-1.11%,-0.81%,-0.49%,-0.70%,-0.82%,-0.54%,-0.49%,-1.87%,-0.80%,-1.74%,-0.26%,0.75%,-1.10%,-1.59%,0.81%,-0.19%,-1.15%,-2.33%
2022/12/8,-0.28%,-0.42%,-0.07%,1.21%,1.46%,0.85%,0.59%,1.68%,0.42%,0.43%,-0.28%,-0.51%,1.23%,-0.05%,0.35%,0.39%,0.02%,1.05%,1.13%,0.69%,1.24%,2.80%,0.72%,-0.27%,-0.18%,0.92%,-0.19%,0.62%,0.62%,-0.22%
2022/12/7,1.42%,0.05%,0.87%,-1.38%,-1.08%,0.30%,0.30%,-0.84%,0.16%,-0.15%,-0.69%,-0.82%,0.85%,0.12%,-0.16%,-0.94%,0.61%,-0.07%,-0.53%,1.06%,-0.31%,0.37%,0.64%,-2.09%,-0.24%,0.67%,0.76%,-0.61%,0.15%,-0.52%
2022/12/6,-0.04%,-0.88%,-0.57%,-2.54%,-3.60%,-1.84%,-2.58%,-1.50%,-0.05%,-3.79%,-0.39%,-2.32%,-0.82%,-1.12%,0.06%,-1.95%,-1.50%,0.17%,0.07%,-0.98%,-2.03%,-1.54%,0.13%,-0.49%,0.69%,0.80%,-0.49%,-2.15%,-1.50%,-1.16%
2022/12/5,-1.86%,-0.43%,-0.21%,-0.80%,1.22%,-1.51%,-2.47%,-0.74%,-1.37%,-3.52%,-0.58%,-2.38%,-2.41%,-1.59%,-0.85%,-0.82%,-0.06%,-2.80%,-0.66%,-0.03%,-1.89%,-2.30%,-1.01%,-7.35%,-1.23%,-0.21%,-2.91%,-1.83%,-0.65%,-1.02%
2022/12/2,0.79%,-0.48%,-0.15%,-0.34%,4.03%,0.19%,-0.80%,-0.54%,0.88%,0.85%,0.94%,-0.84%,0.28%,0.78%,-0.33%,-1.41%,0.08%,-0.79%,0.00%,0.22%,0.13%,0.98%,0.91%,-1.66%,0.21%,-0.14%,-0.39%,0.30%,0.41%,-0.10%
2022/12/1,0.02%,-0.06%,-0.16%,0.19%,-1.73%,-0.30%,-0.45%,0.50%,0.28%,0.74%,0.20%,-0.61%,0.95%,-0.98%,0.17%,-0.80%,0.42%,-1.40%,0.22%,-0.29%,-0.18%,1.29%,0.06%,-8.27%,-0.35%,-1.98%,-1.67%,0.00%,-0.46%,0.62%
,,,,,,,,,,,,,,,,,,,,,,,,,,,,,,
,,,,,,,,,,,,,,,,,,,,,,,,,,,,,,
